{"stats":{"minecraft:killed":{"minecraft:zombie":1},"minecraft:mined":{"minecraft:grass_block":3,"minecraft:sand":1,"minecraft:dirt":10,"minecraft:spruce_log":3,"minecraft:stone":41,"minecraft:sandstone":1},"minecraft:custom":{"minecraft:time_since_rest":4469,"minecraft:crouch_one_cm":2245,"minecraft:play_time":4469,"minecraft:sprint_one_cm":8504,"minecraft:damage_taken":175,"minecraft:walk_one_cm":9272,"minecraft:sneak_time":1035,"minecraft:mob_kills":1,"minecraft:jump":92,"minecraft:damage_dealt":82,"minecraft:leave_game":1,"minecraft:time_since_death":4469,"minecraft:walk_on_water_one_cm":235,"minecraft:total_world_time":4469,"minecraft:interact_with_crafting_table":3,"minecraft:fall_one_cm":2508,"minecraft:fly_one_cm":18585},"minecraft:used":{"minecraft:crafting_table":1,"minecraft:stone_pickaxe":36,"minecraft:wooden_pickaxe":7},"minecraft:crafted":{"minecraft:crafting_table":1,"minecraft:spruce_planks":12,"minecraft:stick":4,"minecraft:stone_pickaxe":1,"minecraft:wooden_pickaxe":1},"minecraft:picked_up":{"minecraft:sandstone":1,"minecraft:arrow":1,"minecraft:rotten_flesh":1,"minecraft:sand":1,"minecraft:spruce_log":3,"minecraft:dirt":13,"minecraft:cobblestone":41}},"DataVersion":3465}