{"stats":{"minecraft:picked_up":{"minecraft:oak_log":4,"minecraft:oak_sapling":1},"minecraft:crafted":{"minecraft:crafting_table":1,"minecraft:oak_planks":16},"minecraft:custom":{"minecraft:jump":7,"minecraft:time_since_rest":10977,"minecraft:leave_game":1,"minecraft:sprint_one_cm":1016,"minecraft:play_time":10977,"minecraft:time_since_death":10977,"minecraft:walk_one_cm":851,"minecraft:sneak_time":35,"minecraft:total_world_time":10977,"minecraft:fall_one_cm":418,"minecraft:fly_one_cm":15424},"minecraft:mined":{"minecraft:oak_log":4,"minecraft:oak_leaves":2}},"DataVersion":3465}